Workbook
Name Svar: [1]Blad1!$A$1:$A$2
Name Svar10: [2]Blad1!$A$1:$A$2
Name Svar11: [2]Blad1!$A$5:$A$7

Sheet 1. Leverantörsinformation
A4: 13.1 Anbudsformulär - Ekalunds Industriområde Dnr:2023-0285
A6: Datum 2025-04-08
A8: Leverantörsinformation | B8: (De vita fälten fylls i av anbudsgivaren)
A10: 1. Anbudsgivare | B10: Information
A11: Leverantörsnamn
A12: Organisationsnummer
A13: Kontaktperson för anbudet
A14: Telefonnummer
A15: Mailadress
A16: Behörig företrädare för anbudet (om annan än kontaktpersonen)
A17: Telefonnummer
A18: Mailadress

Sheet 2. Organisation
A4: 13.1 Anbudsformulär - Ekalunds Industriområde Dnr:2023-0285
A6: ='1. Leverantörsinformation'!A6 -> Datum 2025-04-08
A8: Uppgifter entreprenörsorganisation | B8: (De vita fälten fylls i av anbudsgivaren)
A10: Entreprenörens Nyckelroller (Grupp 1)
A11: Roll | B11: Namn | C11: Telefonnummer | D11: Mailadress
A12: Platschef | E12: CV ska bifogas enligt handling 9.1 punkt AFB.623
A13: Arbetsledare | E13: CV ska bifogas enligt handling 9.1 punkt AFB.623
A15: Entreprenörens Övriga roller
A16: Roll | B16: Namn | C16: Telefonnummer | D16: Mailadress
A17: Ombud
A18: Arbetschef
A19: Geotekniker
A20: Miljöansvarig
A21: Kvalitetsansvarig
A22: Byggarbetsmiljösamordnare BAS-U | E22: Utbildning och erfarenhet styrks vid startmöte, AFD.1833.

Sheet 3. Extern kapacitet
A4: 13.1 Anbudsformulär - Ekalunds Industriområde Dnr:2023-0285
A6: ='1. Leverantörsinformation'!A6 -> Datum 2025-04-08
A8: Extern kapacitet
A10: Instruktioner: Nedan kan du som Anbudsgivare ange om du vill åberopa annat företags kapacitet för att uppfylla krav som avser ekonomisk och finansiell ställning eller teknisk och yrkesmässig kapacitet, se punkt AFB.624 "Åberopa extern kapacitet" i de administrativa föreskrifterna. För de fall annat företags kapacitet åberopas bör du som Anbudsgivare bifoga ett samarbetsavtal/garantiförbindelse till anbudet som styrker att ni kommer att förfoga över de nödvändiga resurserna när kontraktet ska fullgöras. Ett sådant samarbetsavtal/garantiförbindelse kan exempelvis avse ett moderbolagsintyg, undertecknat av moderbolagets firmatecknare, som bevisar att kravet om ekonomisk stabilitet är uppfyllt. Ange i så fall bilagans namn under flik 5 "Krav" rad 39.
A23: Extern kapacitet, om sådan åberopas. (Vitfärgade rutor fylls i av anbudsgivaren OM kapacitet åberopas) | E23: Extern kapacitet, om sådan åberopas. (Vitfärgade rutor fylls i av anbudsgivaren OM kapacitet åberopas)
A24: Leverantörsnamn | E24: Leverantörsnamn
A25: Organisationsnummer | E25: Organisationsnummer
A26: Adress | E26: Adress
A27: Postnummer, Ort | E27: Postnummer, Ort
A28: Kontaktperson | E28: Kontaktperson
A29: Telefonnummer | E29: Telefonnummer
A30: Mailadress | E30: Mailadress
A31: Vilket åtagande åberopas företaget för? (Skriv i fritextfältet nedan) | E31: Vilket åtagande åberopas företaget för? (Skriv i fritextfältet nedan)
A40: Extern kapacitet, om sådan åberopas. (Vitfärgade rutor fylls i av anbudsgivaren OM kapacitet åberopas) | E40: Extern kapacitet, om sådan åberopas. (Vitfärgade rutor fylls i av anbudsgivaren OM kapacitet åberopas)
A41: Leverantörsnamn | E41: Leverantörsnamn
A42: Organisationsnummer | E42: Organisationsnummer
... A48: Vilket åtagande åberopas företaget för? (Skriv i fritextfältet nedan) | E48: Vilket åtagande åberopas företaget för? (Skriv i fritextfältet nedan)

Sheet 4. Referenser
A4: 13.1 Anbudsformulär - Ekalunds Industriområde Dnr:2023-0285
A6: ='1. Leverantörsinformation'!A6 -> Datum 2025-04-08
A8: Referenser | D8: (De vita fälten fylls i av anbudsgivaren)
A10: Instruktioner: Fyll i uppgifter för åberopade referensuppdrag nedan. Var noga med att de uppfyller ställda krav i AFB.623 under rubriken "Referenser".
A13: Referensuppdrag Anbudsgivare | D13: Uppgifter | H13: Referensuppdrag Platschef | K13: Uppgifter
A14: Referensuppdrag | H14: Referensuppdrag
A15: Namn på beställande företag | H15: Namn på beställande företag
A16: Namn på kontaktperson | H16: Namn på kontaktperson
A17: Befattning på kontaktperson | H17: Befattning på kontaktperson
A18: Telenr till kontaktperson | H18: Telenr till kontaktperson
A19: E-post till kontaktperson | H19: E-post till kontaktperson
A20: Kontraktsstart | H20: Kontraktsstart
A21: Kontraktsslut | H21: Kontraktsslut
A22: Kontraktssumma | H22: Kontraktssumma
A23: Kortfattad beskrivning av uppdraget | H23: Kortfattad beskrivning av uppdraget
A26: Referensuppdrag Arbetsledare | D26: Uppgifter
A27: Referensuppdrag
A28: Namn på beställande företag
A29: Namn på kontaktperson
A30: Befattning på kontaktperson
A31: Telenr till kontaktperson
A32: E-post till kontaktperson
A33: Kontraktsstart
A34: Kontraktsslut
A35: Kontraktssumma
A36: Kortfattad beskrivning av uppdraget

Sheet 5. Krav
A4: 13.1 Anbudsformulär - Ekalunds Industriområde Dnr:2023-0285
A6: ='1. Leverantörsinformation'!A6 -> Datum 2025-04-08
A8: Krav på anbud och anbudsgivare | D8: (vita fält fylls i av anbudsgivaren)
A10: Instruktioner: Nedan kan du som leverantör stämma av att du uppfyller de formella kraven, kvalificeringskraven samt de obligatoriska kraven i upphandlingen, vilket krävs för att anbudet ska gå vidare till utvärdering. Observera att det föreligger andra obligatoriska krav i underlaget som inte är nödvändiga att uppfylla vid anbudslämnande utan först under avtalstiden. Dessa accepteras genom att du som Anbudsgivare svarar JA på rad 45 i denna flik.
A16: Förklaring av färgkoder i svarsrutorna (färgmarkering sker per automatik när du väljer ditt svar i rullistan)
A17: Ja | C17: Krav är uppfyllt
A18: Nej | C18: Krav är inte uppfyllt vilket innebär att anbudet förkastas
A19: Ej aktuellt | C19: Förfrågan ej aktuell, innebär inte att anbudet förkastas
A21: Anbudsgivning | E21: Rullista i denna kolumn
A22: Uteslutning av leverantör
A23: Uteslutningsgrunder | E23: Kravet Uppfylls? | F23: Bilaga nr/namn:
A24: Anbudsgivaren intygar att det inte föreligger grund för uteslutning enligt AFB.61, för det egna företaget, genom inlämnadne av anbud. | F24: Ange bilagans namn
A25: Anbudsgivaren intygar att det inte föreligger grund för uteslutning för eventuell underleverantör som åberopas för att uppfylla något av kraven avseende ekonomisk och finansiell ställning eller teknisk och yrkesmässig kapacitet, se punkt AFB.61 i de administrativa föreskrifterna. Anbudsgivaren intygar detta genom inlämnande av anbud (endast om annans kapacitet åberopas). | F25: Ange bilagans namn (endast om annans kapacitet åberopas).
A26: Uppgifter från skatte- och kronofogdemyndigheten | E26: Kravet Uppfylls? | F26: Bilaga nr/namn:
A27: Anbudsgivaren intygar att det egna företaget och eventuella underleverantörer uppfyller lagenligt ställda krav avseende skatt- och avgiftsskyldighet i enlighet med punkt AFB.621 i de administrativa föreskrifterna. | F27: Krävs ingen bilaga!
A28: Prövning av leverantörs lämplighet
A29: Registrering | E29: Kravet Uppfylls?
A30: Anbudsgivaren intygar att det egna företaget och eventuella underleverantörer uppfyller ställda krav avseende registrering i enlighet med punkt AFB.621 "Behörighet att utöva yrkesverksamhet" i de administrativa föreskrifterna. | F30: Krävs ingen bilaga!
A31: Ekonomisk ställning | E31: Kravet Uppfylls? | F31: Bilaga nr/namn:
A32: Anbudsgivaren intygar att de uppnår en rating i enlighet med punkt AFB.622 "Krav på ekonomisk ställning" i de administrativa föreskrifterna. Om anbudsgivaren inte uppfyller kraven i AFB.622 så bereds anbudsgivaren möjlighet att styrka att kravet uppfylls på annat vis genom att bifoga en bilaga till anbudet som styrker detta. Ange bilagans namn till höger i det vita fältet. | F32: Ange bilagans namn (endast om Anbudsgivaren vill åberopa annat bevis än Creditsafe)
A33: Anbydsgivare intygar att det uppfyller ställda krav avseende omsättning under de senaste avslutade räkenskapsåret? | F33: Ange bilagans namn (endast om Anbudsgivaren vill åberopa annat bevis än Creditsafe)
A34: Teknisk och yrkesmässig kapacitet | E34: Kravet Uppfylls? | F34: Bilaga nr/namn:
A35: Anbudsgivaren uppfyller krav på referenser i enlighet med villkoren i punkt AFB.623 p. A samt B "Referenser" i de administrativa föreskrifterna? | F35: Anges direkt i anbudsformuläret, flik 4.
A36: Anbudsgivaren har bifogat CV för offererad platschef i enlighet med villkoren i AFB.623 p.B "Organisaton" i de administrativa föreskrifterna? | F36: Ange bilagans namn
A37: Anbudsgivaren har bifogat CV för offererad arbetsledare i enlighet med villkoren i AFB.623 p.B "Organisatione" i de administrativa föreskrifterna? | F37: Ange bilagans namn
A38: Anbudsgivaren uppfyller kraven gällande BAS-U i AFC.1833? | F38: Styrks i samband med startmöte.
A39: Anbudsgivaren har bifogat bevis på att denne kommer att förfoga över annans kapacitet i enlighet med villkoren i punkt AFB.624 "Åberopa extern kapacitet" i de administrativa föreskrifterna (endast om annans kapacitet åberopas)? | F39: Ange bilagans namn (endast om annans kapacitet åberopas)
A40: Anbudsgivaren har ett kvalitetsledningssystem i enlighet med punkt AFC.2211 i de administrativa föreskrifterna? | F40: Ange bilagans namn (Frivilligt att bifoga, styrks senast vid startmöte)
A41: Anbudsgivaren har ett miljöledningssystem i enlighet med punkt AFC.2212 i de administrativa föreskrifterna? | F41: Ange bilagans namn (Frivilligt att bifoga, styrks senast vid startmöte)
A42: Anbudsgivaren har en allrisk- och ansvarsförsäkring (samt övriga försäkringar som krävs) som uppfyller krav enligt AFC.54 samt underpnkter i de administrativa föreskrifterna? | F42: Försäkringsbevis uppvisas inför signeringa av uppdragsbeställning.
A43: Övriga villkor | F43: Bilaga nr/namn:
A44: Föreligger sekretessbegäran i enlighet med villkoren i punkt AFB.65 i de administrativa föreskrifterna? Om ja, ange bilagans namn till höger i det vita fältet. | F44: Ange bilagans namn (endast om anbudsgivaren begär sekretess)
A45: Samtliga villkor i de administrativa föreskrifterna och övriga handlingar i upphandlingsdokument accepteras? | F45: Krävs ingen bilaga!

Sheet Handling 10.1 Mändförteckning M
A1: #VALUE! | C1: DOKUMENT | D1: STATUS | H1: Instruktion: Samtliga gråa fält fylls i av anbudsgivaren. Negativ prissättning acceoteras ej, se AFB.41 i upphandlingens administrativa föreskrifter (AF).
C2: 10.1 MÄNGDFÖRTECKNING MED BESKRIVNING | D2: Förfrågningsunderlag
C3: PROJEKT | D3: DOKUMENTNUMMER
C4: Ekalund exploatering | D4: 10.1
D5: DATUM | F5: BET. | G5: SIDA
D6: 2025-02-13
A7: HANDLÄGGARE | B7: UPPDRAGSNUMMER | C7: INNEHÅLL | D7: ÄNDRINGSDATUM | F7: TOTAL ANBUDSSUMMA MF10.1
A8: HL | B8: 20000520 | F8: =SUM(G10:G2619) -> 0
A9: KOD | C9: TEXT | D9: ENHET | E9: MÄNGD | F9: À-PRIS | G9: BELOPP
C11: Denna tekniska beskrivning ansluter till AMA Anläggning 23
A13: B | C13: FÖRARBETEN, HJÄLPARBETEN, SANERINGSARBETEN, FLYTTNING, DEMONTERING, RIVNING, RÖJNING M M
C14: Vid arbeten som utföra i och i anslutning till arbetsområdet ska skyddsåtgärder vidtas och försiktighetsmått vidtas för att förebygga och hindra eller motverka att markvatten, grundvatten och ytvatten förorenas eller på annat sätt påverkas så att skada eller olägenhet kan uppkomma för människors, djurs eller naturens hälsa och miljö. Entreprenören har skyldighet att skaffa sig den kännedom om arbetsområdet och övriga förhållanden kräver och som kan påverka anbudet, genom okulärbesiktning.
A16: BB | C16: FÖRARBETEN
A18: BBB | C18: UTFÖRDA UNDERSÖKNINGAR O D
A20: BBB.1 | C20: Mark- och vattenförhållanden, förutsättningar för dimensionering m m
C21: Rapport avseende de marktekniska undersökningarna redovisas i handling 13.2 MUR_Eka 3_3 och Eka 3_6 mfl samt 13.3 PM Geoteknik_Eka 3_3 & 3_6 mfl.
A23: BBB.11 | C23: Mark- och vattenförhållanden m m
A25: BBB.111 | C25: Topografiska förhållanden
C26: Befintliga förhållanden framgår av ritningar Z-51.1-2001 - Z-97.1-2028. Se BBB.1 för utförda undersökningar
A28: BBB.112 | C28: Jordmåns- och vegetationsförhållanden
C29: Befintliga förhållanden framgår av ritningar Z-51.1-2001 - Z-97.1-2028. Se BBB.1 för utförda undersökningar.
C31: I dagsläget består undersökningsområdet av skogsmark, urskog och odlingsytor. Se ritningar Z-51.1-2001 - Z-97.1-2028 samt tillhörande MUR (13.2 MUR_Eka 3_3 och Eka 3_6 mfl).
C33: området är avverkat under 2023 och inom området förekommer ris samt stubbar ifrån denna avverkning
A35: BBB.113 | C35: Geotekniska förhållanden
C36: Se BBB.1 för utförda undersökningar.
C38: Området består utav tidigare åker samt skogsmark.
A40: BBB.1131 | C40: Geotekniska förhållanden i jord
C41: Generellt i nu utförda undersökningar utgörs marken, under ett lager av mullhaltig sand, alternativt av sandmorän ner till undersökt djup. Mullhaltig sand Markytan inom undersökningsområdet utgörs huvudsakligen av mullhaltig sand eller sandig mulljord med en mäktighet på ca 0,1–0,5 m. I undersökningspunkt C06 påträffades ett torvlager under 0,2 m sandig mulljord, med utbredning ner till ca 0,6 m u my. Sand/grusig sand Under den mullhaltiga sanden förekommer sand eller grusig sand i områdets nordöstra och sydöstra delar, med en mäktighet på ca 1,0–2,0 m. Hejarsonderingar indikerar en friktionsvinkel på ca 36° och en E-modul på ca 25 MPa. Lagret har en medelfast till fast lagringstäthet. Sandmorän Under jord med organiskt innehåll eller sand återfinns naturligt lagrad sandmorän, ibland siltig. Sandmoränens överkant påträffas först mellan ca 0,5–2,0 m u my, med en utbredning ner till ca 1,7–5,0 m u my enligt hejarsonderingar och skruvprovtagningar. Friktionsvinkeln varierar mellan ca 37–39°, och E-modulen ligger mellan ca 30–45 MPa. Lagret har en fast till mycket fast lagringstäthet.
A43: BBB.1132 | C43: Geotekniska förhållanden i berg
C44: Enligt SGU:s jorddjupskarta uppskattas jorddjupet till ca 1–3 m. Hejarsonderingar har avslutats på djup mellan ca 1,7–4,3 m u my, med stoppkod 91 (sonden kunde ej neddrivas ytterligare enligt normalt förfarande) och stoppkod 90 (sondering avslutades innan stopp erhölls). Enligt SGU:s bergartskarta utgörs underliggande berggrund av gabbroid-dioritoid.
A47: BBB.114 | C47: Hydrogeologiska förhållanden
C48: Genom området rinner diken som skall bevaras avseende funktion och omläggning av sträckning ska utföras utan att riskera grumling i diket nedströms Ekalund under hela projektets genomförande.
C50: I samband med geoteknisk undersökningen har tio grundvattenrör installerats inom området. Avläsningar vid fyra tillfällen visar att grundvattennivån generellt varierar mellan ca 0,5–2,5 m u my. Avläsningar i april och september 2023 indikerar grundvattennivåer 0,3–0,5 m högre jämfört med juni 2023. Figuren nedan visar grundvattennivåer baserade på mätningar utförda 2023-04-26, 2023-06-09, 2023-06-21, 2023-09-13 och 2023-10-17. Tidigare undersökningar redovisas med blå moln-markering. Vid skruvprovtagningar i mars och maj 2023 observerades fria vattenytor på djup mellan ca 0,3–1,6 m u my. Grundvattennivåer kan variera beroende på årstid och nederbörd.
C53: Utförda undersökningar redovisas i BBB.1 samt handling "13.8 Ställningstagande angående behov av tillstånd för vattenverksamhet Ekalund Ljungby kommun".
A55: BBB.115 | C55: Föroreningar
C56: Inom området återfinns inga kända föroreningar.
C58: Se BBB.1 för utförda undersökningar som redovisar föroreningar.
A62: BBB.117 | C62: Utförda inventeringar av skaderisker
C63: Riskanalys är ännu ej utförd för projektet. Riskanalys skall utföras av entreprenör, se BBC.17.
A65: BBB.3 | C65: Befintliga anläggningar m m
A67: BBB.32 | C67: Befintliga ledningar, kablar m m
C68: Inom arbetsområdet förekommer olika ledningsslag. Ungefärligt läge av kända ledningar framgår av ritning Z-51,1-2001 - Z-51.1-2028. Se även AFG.312. Entreprenören ansvarar för att respektive ledningsägare sätter ut sina ledningar innan arbetet i området påbörjas. Påträffas ledningar som ej angivits i handlingen skall dessa omedelbart anmälas till beställarens byggledare. Ledningarna ska mätas in samt material- och dimensionsbestämmas. Vid schaktning nära ledning skall respektive ledningsägares grävningsbestämmelser o dyl följas.
C70: Befintligt VA inom arbetsområdet skall vara i bruk under hela entreprenadtiden om annat ej överenskommits med beställare eller ledningsägare.
C72: vid arbete invid kraftkabel i öster skall Svenska kraftnät informeras minst 10 dagar innan arbetet utförs. Arbete eller trafikering av maskiner ovan Svenska kraftnäts kabel skall alltid anmälas och utföras enligt ledningsägarens anvisningar.
A74: BBB.35 | C74: Fornminnen
C75: arkeologisk utredning är utförd i steg 1 och steg 2 och redovisas i handling 13.16 "beslut om att frisläppa del av område för industriområde, länsstyrelsen"
A77: BBB.36 | C77: Befintliga vägar, planer o d samt spåranläggningar
A79: BBB.361 | C79: Befintliga vägar, planer o d
C80: Projektområdet inhyser befintlig väg i form av Näsvägen i söder och serviceväg längs väg E4. inom naturmarken i sydöst förekommer grusvägar som ej får trafikeras med trafik utan beställarens skriftliga godkännande för att skydda vägarnas överbyggnad och intilliggande stenmurar. inom området, ifrån ekbacken och vidare igenom området förekommer även grusvägar som sträckt sig igenom området ut i näster samt öster. Området redovisas på ritning Z-51.1-2001 - Z-51.1-2028 och entreprenören skall genom platsbesök förvisa sig om projektets omfattning.
A82: BBC | C82: UNDERSÖKNINGAR O D
A84: BBC.1 | C84: Undersökningar av mark- och vattenförhållande m m
A86: BBC.11 | C86: Rörelse-, deformations-, vattendjups-, vattenstånds-, vibrations- och bullermätning m m
A88: BBC.113 | C88: Vibrationsmätning m m
C89: Vibrationsmätning utförs enligt BBC.17
C91: Vibrationsmätning | D91: - | E91: - | F91: - | G91: 0
A95: BBC.12 | C95: Jordmåns- och vegetationsundersökning
C96: vid påträffande av Kanadensiskt Gullris skall denna grävas upp med rötterna och och transporteras till godkänd tipp. vid upptäckt skall fyndet och des utbredning rapporteras till Länsstyrelsen på "WWW.INVASIVAARTER.NU"
C98: Sanering av Kanadensiskt Gullris 2 500 m2 | D98: - | E98: - | F98: - | G98: 0
A102: BBC.13 | C102: Geoteknisk undersökning
A104: BBC.131 | C104: Geoteknisk undersökning i jord
C105: Geoteknisk kontroll ska utföras för att säkerställa att all organisk jord i och strax under terrassnivå har avlägsnats samt att terrassnivån överensstämmer med dimensioneringsunderlaget. Schaktbottnar ska granskas av geotekniker för att verifiera att de inte är uppluckrade (för hårdgjorda ytor), påverkade av frysning eller i övrigt olämpliga för fyllning.
C107: Schaktbottenkontroll | D107: - | E107: - | F107: - | G107: 0
A113: BBC.14 | C113: Hydrogeologisk undersökning
C114: Hydrogeologisk underöskning finns framtagen. se handling "13.8 Ställningstagande angående behov av tillstånd för vattenverksamhet Ekalund Ljungby kommun" löpande kontroll av vattenkvaliten utifrån området utförs av beställare. Referens värde utgår ifrån referens provtagning utförd under december månad 2024.
C115: Entreprenör skall under projektets löptid utföra provtagning av utgående dagvatten ifrån damm D2 och D7 samt leverera prover till beställare i godkänd provtagningsbehållare för vatten, efter beställarens begäran. 6 st prover skall tas. prover skall levereras till beställare inom 7 timmar efter anmodan om provtagning från Beställare | D115: - | E115: - | F115: - | G115: 0
A117: BBC.15 | C117: Föroreningsundersökning
C118: Befintlig asfalt som rivs längs Näsvägen skall provtas avseende förekomst av PAH i asfalten. 3 styck prover skall tas och bedömas genom laboratorie tester innan rivning av asfalt får utföras.
C120: Efter provtagning utförts skall vägen återställas i provtagningspunkten i sådan omfattning att vägens överyta är återställd i en jämn nivå med ett sammanhängande slitlager likt innan provtagningen utfördes avseende hållfasthet (asfaltering).
C122: För säkerställande av vatten kvaliten på det dagvatten som lämnar området har Ljungby kommun tagit ut referensprov för vattenkvaliten under 2025 innan arbetet startade. Provtagningsläge för referensproverna är i närhet av damm D2 och D7
C124: Avsteg från ersättningsregeln
C126: Ersättning ska vara in kalkylerad i allmänna arbete
C128: Provtagning av asfalt för undersökning av PAH i Näsvägen | D128: - | E128: - | F128: - | G128: -
A132: BBC.17 | C132: Inventering av skaderisker
C133: Före arbetenas start skall erforderliga riskanalyser och arbetsmiljöplaner upprättas. Dessa skall uppvisas för beställare innan arbetena påbörjas. Entreprenören ombesörjer och bedömer omfattning av besiktning av fastigheter som kan tänkas påverkas av arbetet, före och efter entreprenaden i relation till valda arbetsmetoder. Entreprenören ombesörjer och bedömer omfattning av behov av montering och avläsning av vibrationsmätare och provtryckning av skorstenar etc. Redovisning av uppmätta vibrationsnivåer sker senast vid varje byggmöte och sammanställs i rapportform, senast till slutbesiktning. Tillåtna vibrationer sätts enligt entreprenörens bedömning i relation till valda arbetsmetoder för att undvika att skador uppstår på byggnader, broar och vägar till följd av packningsarbeten. Entreprenören ansvarar för uppkomna skador för tredje man. Inventering av risk vid arbeten som kan orsaka skada ska utföras.
C135: Skaderisksinventering | D135: - | E135: - | F135: - | G135: 0
A139: BBC.3 | C139: Undersökningar av anläggningar m m
A141: BBC.32 | C141: Undersökningar av ledningar, kablar m m
C142: Befintliga ledningar som skall behållas och framschaktas i samband med andra arbeten under entreprenadtiden skall kontrolleras av entreprenören så att inga sättningsskador eller ytskador förekommer. Om entreprenör finner uppenbar skada på en ledning skall detta framföras till beställaren utan dröjsmål. Rimlig tid skall vid olägenhet erbjudas beställaren att åtgärda eventuella brister och fel i handlingen.
C144: Vid anslutning av ny ledning mot befintlig ledning skall befintlig ledning framschaktas i anslutningspunkt och kontrollavvägas för att säkerställa att anslutning kan göras innan arbetet med förläggning och schaktning av ny ledning påbörjas. kontroll utförs minst 10 dagar innan arbetets utförande
C146: Framschaktning av ledningar utförs i CBB.86
C148: Okulär kontroll av befintliga ledningar | D148: - | E148: - | F148: - | G148: 0
A151: BC | C151: HJÄLPARBETEN, TILLFÄLLIGA ANORDNINGAR OCH ÅTGÄRDER M M
A153: BCB | C153: HJÄLPARBETEN I ANLÄGGNING
A155: BCB.1 | C155: Hantering av vatten
C156: Länshållningsvatten från arbetsområdet ska hanteras och avledas på sådant sätt att det inte skadar omgivande anläggningar i mark, grundvatten och vegetation. Åtgärder ska vidtas i ett tidigt skede av entreprenören. Vatten, som ska avledas till avloppssystem eller befintlig mark/dike, ska avskiljas från slam, sand och olja genom att passera sedimenteringsbassäng samt oljeavskiljare före dagvatten släpps till avlämningspunkt se CBB.612.
C158: All avledning av vatten inom projektet skall ingå i anbudet.
C160: se även AFG.81
A162: BCB.13 | C162: Tillfällig grundvattensänkning eller portryckssänkning
A164: BCB.133 | C164: Tillfällig grundvattensänkning med pumpgropar o d
C165: Grundvattnet får tillfälligt sänkas vid behov. Utförs i samråd med beställare.
C167: Vid sänkning av grundvatten skall det säkerställas att vatten som släpps ifrån pump renas enligt BCB.1 och enligt administrativa föreskrifter, AFG.81
C169: Se "13.8 Ställningstagande angående behov av tillstånd för vattenverksamhet Ekalund Ljungby kommun" för tillrining som skall hanteras
C171: Avsteg från ersättningsregeln
C173: Endast belopp skall anges
C175: Pumpgrop | D175: - | E175: - | F175: - | G175: 0
A177: BCB.15 | C177: Tillfällig avledning av dagvatten
C178: Se BCB.1
C180: Sedimenteringsmöjlighet skall finnas innan dagvatten avleds från omådet
C182: Tillfällig avledning | D182: - | E182: - | F182: - | G182: 0
A186: BCB.16 | C186: Tillfällig avledning av ytvatten
...

Sheet Handling 10.2 Mängdförteckning 
A1: #VALUE! | C1: Projektnamn | H1: Datum | I1: Instruktion: Samtliga gråa fält fylls i av anbudsgivaren. Negativ prissättning acceoteras ej, se AFB.41 i upphandlingens administrativa föreskrifter (AF).
C2: Ekalund Industriområde | H2: 2025-02-13
C3: Belysning | H3: Rev datum
H4: =IF([3]Försättsblad!D34=0," ",[3]Försättsblad!D34)
C5: Status | H5: Handling
C6: FÖRFRÅGNINGSUNDERLAG | H6: 10.2
A7: Kod | C7: Text | D7: R/O | E7: Enhet | F7: Mängd | G7: a'-pris | H7: Total anbudssumma MF10.2
H8: =SUBTOTAL(9,H9:H9763) -> 0
A10: 6 | C10: EL-TELESYSTEM
C11: För entreprenaden gäller även separat redovisad
C12: AF- del.
C14: För utförande gäller, förutom denna beskrivning nedanstående icke bifogade publikationer:
C16: EL-AMA 22 med senaste AMA-nytt
C18: Starkströmsföreskrifterna, ELSÄK-FS 2022:1, :2 och :3
C21: Elleverantörens lokala bestämmelser
C23: I förfrågningsunderlaget förtecknade handlingar
C25: EBR-standard KJ 41:21.1
C27: Elinstallationsreglerna SS 436 40 00 utgåva 4 med ändringar och tillägg
C29: Teknikområde: Väg- och gatubelysning
C31: Allmänt
C32: Entreprenaden omfattar ny belysning inom nytt exploateringsområde samt för ny cirkulationsplats inkl. tillhörande GC-vägar som byggs vid befintlig väg. Anläggning strömförsörjs med ett nytt gatubelysningsskåp och 2st slavskåp
... C50: Ny elservis anmäls till nytt gatubelysningsskåp
A54: 63 | C54: ELKRAFTSYSTEM
A56: 63.F | C56: Belysningssystem och ljussystem
C57: Belysningsanläggningens uppbyggnad framgår av följande ritningar:
C59: Ritning: E-63-1-2004 till -2027
C61: Bilaga 1: Armatur & Stolpförteckning
C63: Samt enligt mängdförteckning i denna beskrivning
C65: Frånkoppling och anslutning till befintlig anläggningsdel utförs av Ljungby Energi. | D65: - | E65: - | F65: - | G65: - | H65: -
A67: B | C67: FÖRARBETEN, HJÄLPARBETEN, SANERINGSARBETEN, FLYTTNING, DEMONTERING, RIVNING, RÖJNING M M
A69: BB | C69: FÖRARBETEN
A71: BBE | C71: UTSÄTTNINGAR
A73: BBE.6 | C73: Utsättningar för el- och teleinstallationer
C74: Stolpfundament:
C75: Utsättning av läge för stolpfundament ska utföras av entreprenören. | D75: - | E75: - | F75: - | G75: - | H75: -
C77: Kabelgrav:
C78: Utsättning av läge för kabelgrav ska utföras av entreprenören. | D78: - | E78: - | F78: - | G78: - | H78: -
A80: C | C80: TERRASSERING, PÅLNING, MARKFÖRSTÄRKNING, LAGER I MARK M M
A82: CB | C82: SCHAKT
A84: CBB | C84: JORDSCHAKT
A86: CBB.32 | C86: Jordschakt för el- och telekablar o d
C87: Se ”Mängdbeskrivning – Mark”
A89: CBB.33 | C89: Schakt för fundament till belysningsstolpe
C90: Se ”Mängdbeskrivning – Mark”
A92: CE | C92: FYLLNINGAR, LAGER I MARK M M
A94: CEB | C94: FYLLNINGAR FÖR VÄG, BYGGNAD, BRO
C95: M M
A97: CEB.53 | C97: Fyllning mot fundament
C98: Se ”Mängdbeskrivning – Mark”
A100: CEC | C100: FYLLNING FÖR LEDNING, MAGASIN M M
A102: CEC.22 | C102: Ledningsbädd för el- och telekabel o d
C103: Se ”Mängdbeskrivning – Mark”
A105: CEC.32 | C105: Kringfyllning för el- och telekabel o d
C106: Se ”Mängdbeskrivning – Mark”
A108: CEC.42 | C108: Resterande fyllning för el- telekablar o d
C109: Se ”Mängdbeskrivning – Mark”
A111: D | C111: MARKÖVERBYGGNADER, ANLÄGGNINGSKOMPLETTERINGAR M.M.
A113: DC | C113: MARKÖVERBYGGNADER M M
C114: Fundament i mark
C115: Fundamentets överyta ska vara fri från jord m.m.
C116: Kabelintaget ska riktas mot kabelgraven.
C117: Fundamentets horisontella överyta får inte vara högre än 50 mm (+/- 10 mm) över färdig mark, vid hårdgjorda ytor skall fundamentets visning vara 50 mm (+/- 10 mm).
A119: DEN | C119: KABELSKYDD I ANLÄGGNING
A121: DEN.1 | C121: Skydd för kablar i mark
A123: DEN.12 | C123: Kabelskydd av plaströr
C124: Kabel skall förläggas i kabelskyddsrör vid passager över vägar
C126: Kabelskyddsrör SRS 110mm gul | D126: R | E126: m | F126: 137 | G126: 0 | H126: =F126*G126 -> 0
A128: S | C128: APPARATER, UTRUSTNING, KABLAR M M I EL- OCH TELESYSTEM
A130: SB | C130: ELKANALISATION, FÖRLÄGGNINGSMATERIEL M M
A132: SBB | C132: FÖRTILLVERKADE FUNDAMENT TILL STOLPE E D, ELUTRUSTNING E D
A137: SBB.1 | C137: Fundament till stolpe e d
C138: Hål för kabel i fundament ska vara väl avfasad så att kabel inte skadas av vassa kanter.
C139: Betongrester i hål ska avlägsnas.
C140: Sättning fundament ingår i "Mängdbeskrivning Mark"
C142: "S1" typ Absorbent SJ-4/1500 | D142: R | E142: st | F142: 4 | G142: 0 | H142: =F142*G142 -> 0
C144: "S2" typ Absorbent SJ-4/1500 | D144: R | E144: st | F144: 3 | G144: 0 | H144: =F144*G144 -> 0
C146: "S3" typ Absorbent SJ-4/1500 | D146: R | E146: st | F146: 1 | G146: 0 | H146: =F146*G146 -> 0
C148: "S4" typ Cetong 108/900 | D148: R | E148: st | F148: 5 | G148: 0 | H148: =F148*G148 -> 0
C150: "S5" typ Cetong 108/900 | D150: R | E150: st | F150: 4 | G150: 0 | H150: =F150*G150 -> 0
C152: "S6" typ Cetong 127/1300 | D152: R | E152: st | F152: 63 | G152: 0 | H152: =F152*G152 -> 0
C154: "S7" typ Cetong 108/1300 | D154: R | E154: st | F154: 41 | G154: 0 | H154: =F154*G154 -> 0
A156: SBC | C156: STOLPAR M M
A158: SBC.2 | C158: Stolpar och master för belysning
A160: SBC.21 | C160: Stolpar och master för vägbelysning e d
C161: Stolparna skall vara försedda med luckskruv av typ TORX PIM (klåfingerskruv), gängorna skall vara insmorda med väderbeständigt fett eller kopparpasta. Stolpluckan skall vara vänd i stolplinjens längd- riktning, vid stolpens vänstra sida framifrån sett. Max lutning stolpe 5mm/m
C163: Se även Bilaga 1 Armatur & Stolpförteckning
C165: "S1" Eftergivlig stolpe 10m med 2m arm, typ Absorbent HE100E20, E77 715 85 | D165: R | E165: st | F165: 4 | G165: 0 | H165: =F165*G165 -> 0
C167: "S2" Eftergivlig stolpe 10m med 2m arm, typ Absorbent HE100E20, E77 715 85 | D167: R | E167: st | F167: 3 | G167: 0 | H167: =F167*G167 -> 0
C169: "S3" Eftergivlig stolpe 10m med 2m arm, typ Absorbent HE100E20, E77 715 85 med extra klämarm på 5m typ Absorbent SO230:7 | D169: R | E169: st | F169: 1 | G169: 0 | H169: =F169*G169 -> 0
C171: "S4" Stålstolpe 5m, typ Moramast MMSH50L RL | D171: R | E171: st | F171: 5 | G171: 0 | H171: =F171*G171 -> 0
C173: "S5" Glasfiberstolpe 5m, typ Formenta 300550-9005 Svart | D173: R | E173: st | F173: 4 | G173: 0 | H173: =F173*G173 -> 0
C178: "S6" Stålstolpe 8m med 1m arm och med extra arm för GC-väg på 5m, typ Moramast special ritn.nr SS200126 med rotlack | D178: R | E178: st | F178: 63 | G178: 0 | H178: =F178*G178 -> 0
C180: "S7" Stålstolpe 8m, typ Moramast MMSH80EO RL | D180: R | E180: st | F180: 41 | G180: 0 | H180: =F180*G180 -> 0
A182: SBC.43 | C182: Stolpinsatser
C183: Varje armatur avsäkras separat i stolpinsats 6A.
C184: Varje armatur ansluts med separat skyddsledare
C185: Ska vara med isolerade plintar och med MK-ledning/kabelsko som skyddsjordning av stolpe (+låsbricka vid skruv).
C186: Plintarna monteras i horisontella nivåer (med skruvarna riktade mot luckan), så att bra överskådlighet erhålls.
C188: Stolpinsats typ: Fingal Johnson | D188: R | E188: st | F188: 121 | G188: 0 | H188: =F188*G188 -> 0
C189: E77 796 48
...

Sheet 6. Prisbilaga
A4: 13.1 Anbudsformulär - Ekalunds Industriområde Dnr:2023-0285
A6: ='1. Leverantörsinformation'!A6 -> Datum 2025-04-08
A8: Prisbilaga
A10: Anbudssumma enligt Handling 10.1 samt 10.2 Mängdförteckning | E10: {='Handling 10.1 Mändförteckning M'!F8:G8+'Handling 10.2 Mängdförteckning '!H8} -> 0 | F10: 0 | G10: Summeras automatiskt från Handling 10.1 samt 10.2 Mängdförteckning.

Sheet Blad1
B2: JA | E2: JA
B3: NEJ | E3: NEJ
B4: EJ AKTUELLT
